,start_station_name,num_of_trips
1482,10101 S Stony Island Ave,1
1153,111th St - Morgan Park Metra,7
496,2112 W Peterson Ave,2472
1452,351,1
1035,532 E 43rd St,17
1186,63rd & Western Ave - north corner,5
1130,63rd & Western Ave - south corner,8
423,63rd St Beach,5223
1547,83rd St (Avalon Park) Metra,1
201,900 W Harrison St,24052
1069,Abbott Park,12
146,Aberdeen St & Jackson Blvd,31708
179,Aberdeen St & Monroe St,26950
185,Aberdeen St & Randolph St,25671
828,Ada St & 113th St,116
1525,Ada St & 117th St,1
1474,Ada St & 79th St,1
1575,Ada St & 95th St,1
211,Ada St & Washington Blvd,22831
88,Adler Planetarium,43203
1560,Al Raby School,1
1587,Albany Ave & 103rd St,1
1195,Albany Ave & 111th St - NW,5
800,Albany Ave & 16th St,146
577,Albany Ave & 26th St,850
1058,Albany Ave & 63rd St,13
647,Albany Ave & Belmont Ave,430
314,Albany Ave & Bloomingdale Ave,11939
928,Albany Ave & Douglas Blvd,45
420,Albany Ave & Montrose Ave,5342
835,Altgeld Gardens,113
531,Archer (Damen) Ave & 37th St,1610
794,Archer Ave & 43rd St,152
1260,Archer Park,4
825,Artesian Ave & 55th St,122
361,Artesian Ave & Hubbard St,8374
364,Ashland Ave & 13th St,8225
1306,Ashland Ave & 45th St,3
1285,Ashland Ave & 45th St - midblock south,3
1321,Ashland Ave & 46th St,3
670,Ashland Ave & 50th St,371
668,Ashland Ave & 63rd St,375
778,Ashland Ave & 66th St,173
904,Ashland Ave & 69th St,59
1239,Ashland Ave & 71st St,4
1096,Ashland Ave & 73rd St,10
755,Ashland Ave & 74th St,202
1411,Ashland Ave & 76th St,2
727,Ashland Ave & 78th St,256
477,Ashland Ave & Archer Ave,2868
232,Ashland Ave & Augusta Blvd,19755
356,Ashland Ave & Belle Plaine Ave,8697
175,Ashland Ave & Blackhawk St,27741
222,Ashland Ave & Chicago Ave,21227
31,Ashland Ave & Division St,61610
664,Ashland Ave & Garfield Blvd,386
246,Ashland Ave & Grace St,18074
266,Ashland Ave & Grand Ave,15919
302,Ashland Ave & Lake St,13058
565,Ashland Ave & McDowell Ave,952
575,Ashland Ave & Pershing Rd,871
256,Ashland Ave & Wellington Ave,17067
250,Ashland Ave & Wrightwood Ave,17730
945,Augusta Blvd & Laramie Ave,40
1246,Austin Ave & Roscoe St,4
1432,Austin Ave & Wellington Ave - midblock,2
1197,Austin Ave & Wrightwood Ave,5
585,Austin Blvd & Chicago Ave,785
544,Austin Blvd & Lake St,1313
564,Austin Blvd & Madison St,959
1408,Austin Blvd & North Ave,2
1484,Austin Branch Chicago Public Library,1
1417,Avenue J & 106th St,2
1336,Avenue J & 112th St,3
939,Avenue L & 114th St,41
1364,Avenue M & 132nd St,2
745,Avenue O & 118th St,220
751,Avenue O & 134th St,205
1029,Avers Ave & Archer Ave,18
429,Avers Ave & Belmont Ave,4987
1109,Avers Ave & Irving Park Rd,9
1448,Avers Ave & Ogden Ave,1
1251,Avondale Ave & Addison St,4
442,Avondale Ave & Irving Park Rd,3937
1391,Back of the Yards Park,2
1501,Baltimore Ave & 133rd St,1
663,Baltimore Ave & 87th St,392
566,Base - 2132 W Hubbard,922
631,Base - 2132 W Hubbard Warehouse,471
1076,Bell Ave & 95th St,11
728,Bennett Ave & 79th St,256
1508,Bennett Ave & 96th St,1
1470,Bensley Ave & 103rd St,1
287,Benson Ave & Church St,14286
459,Bernard St & Elston Ave,3350
605,Big Marsh Park,611
1182,Bishop St & 46th St,6
96,Bissell St & Armitage Ave,40592
1028,Bissell St & Armitage Ave - Charging,18
321,Bissell St & Armitage Ave*,11330
298,Blackstone Ave & Hyde Park Blvd,13361
870,Bloomingdale Ave & Harlem Ave,79
274,Blue Island Ave & 18th St,15393
507,Bosworth Ave & Howard St,2322
768,Bradley Park,185
1050,Brandon Ave & 91st St,15
1228,Brighton Park Branch Chicago Library,5
208,Broadway & Argyle St,23278
9,Broadway & Barry Ave,79349
83,Broadway & Belmont Ave,44564
213,Broadway & Berwyn Ave,22540
39,Broadway & Cornelia Ave,58077
221,Broadway & Granville Ave,21287
239,Broadway & Ridge Ave,19282
109,Broadway & Sheridan Rd,37494
242,Broadway & Thorndale Ave,18714
42,Broadway & Waveland Ave,56161
255,Broadway & Wilson - Truman College Vaccination Site,17110
343,Broadway & Wilson Ave,9593
137,Buckingham Fountain,32999
508,Buckingham Fountain (Temp),2264
484,Budlong Woods Library,2724
1347,Buffalo Ave & 133rd St,2
1206,Buffalo Ave & 89th St,5
152,Burling St & Diversey Pkwy,30394
362,Burling St (Halsted) & Diversey Pkwy (Temp),8336
640,Burnham Greenway & 105th St,440
626,Burnham Greenway & 112th St,495
117,Burnham Harbor,36244
826,California & 16th St,121
467,California Ave & 21st St,3154
495,California Ave & 23rd Pl,2474
579,California Ave & 26th St,831
1160,California Ave & 29th St,7
887,California Ave & 36th St,67
328,California Ave & Altgeld St,10393
398,California Ave & Byron St,6414
283,California Ave & Cortez St,14450
1100,California Ave & Devon Ave - NE,10
1123,California Ave & Devon Ave - NW,8
319,California Ave & Division St,11568
368,California Ave & Fletcher St,8078
316,California Ave & Francis Pl (Temp),11651
506,California Ave & Lake St,2329
837,California Ave & Marquette Rd,111
165,California Ave & Milwaukee Ave,28752
348,California Ave & Montrose Ave,9437
306,California Ave & North Ave,12697
1544,California Ave & Ogden Ave,1
1137,California Ave & Pershing Rd,8
1175,California Ave & Touhy Ave - NW,6
636,California Ave & Winona St,457
1298,Calumet Ave & 103rd St,3
192,Calumet Ave & 18th St,24910
332,Calumet Ave & 21st St,10259
265,Calumet Ave & 33rd St,15920
410,Calumet Ave & 35th St,5760
482,Calumet Ave & 51st St,2752
712,Calumet Ave & 71st St,276
1222,Calumet Ave & Garfield Blvd,5
596,Calumet Park,662
893,Campbell Ave & 51st St,65
344,Campbell Ave & Fullerton Ave,9573
684,Campbell Ave & Irving Park Rd,348
373,Campbell Ave & Montrose Ave,7866
783,Campbell Ave & Montrose Ave (Temp),165
268,Campbell Ave & North Ave,15779
49,Canal St & Adams St,52408
367,Canal St & Harrison St,8098
227,Canal St & Jackson Blvd,20335
124,Canal St & Madison St,34664
188,Canal St & Monroe St,25354
259,Canal St & Taylor St,16600
223,Cannon Dr & Fullerton Ave,21191
853,Carpenter St & 63rd St,98
171,Carpenter St & Huron St,28024
539,Central Ave & Chicago Ave,1376
1151,Central Ave & Corcoran Pl,7
1216,Central Ave & George St,5
641,Central Ave & Harrison St,440
599,Central Ave & Lake St,640
593,Central Ave & Madison St,679
1436,Central Ave & North Ave,2
788,Central Ave & Parker Ave,161
702,Central Ave & Roscoe St,302
851,Central Park & Augusta Blvd,101
601,Central Park Ave & 24th St,632
370,Central Park Ave & Bloomingdale Ave,7959
821,Central Park Ave & Douglas Blvd,125
403,Central Park Ave & Elbridge Ave,5966
461,Central Park Ave & North Ave,3291
530,Central Park Ave & Ogden Ave,1617
776,Central Park Ave & Ohio St,176
604,Central Park Blvd & 5th Ave,621
453,Central St & Girard Ave,3505
450,Central St Metra,3674
1375,Chappel Ave & 71st St,2
1396,Chase Ave & Touhy Ave - NE,2
1268,Chase Ave & Touhy Ave - NW,4
433,Cherry Ave & Blackhawk St,4514
510,Chicago Ave & Dempster St,2184
323,Chicago Ave & Sheridan Rd,11064
335,Chicago Ave & Washington St,9884
583,Chicago State University,793
1490,Chopin Park,1
1088,Christiana Ave & 55th St,11
909,Christiana Ave & Archer Ave,54
1014,Christiana Ave & Belmont Ave,21
1473,Christiana Ave & Bryn Mawr Ave,1
436,Christiana Ave & Lawrence Ave,4288
1219,Cicero Ave & Altgeld St,5
1403,Cicero Ave & Cortland St - midblock,2
746,Cicero Ave & Flournoy St,216
817,Cicero Ave & Grace St,126
650,Cicero Ave & Lake St,422
1423,Cicero Ave & Le Moyne St - midblock,2
1156,Cicero Ave & North Ave,7
677,Cicero Ave & Quincy St,361
1267,Cicero Ave & Roscoe St,4
951,Cicero Ave & Wellington Ave,37
921,Cicero Ave & Wrightwood Ave,49
1538,City Rack - Albany Ave & 103rd St,1
113,Cityfront Plaza Dr & Pioneer Ct,36745
1101,Claremont Ave & 71st St,10
385,Claremont Ave & Hirsch St,7268
121,Clarendon Ave & Gordon Ter,35470
138,Clarendon Ave & Junior Ter,32511
234,Clarendon Ave & Leland Ave,19612
252,Clark St & 9th St (AMLI),17392
8,Clark St & Armitage Ave,81827
174,Clark St & Berwyn Ave,27816
238,Clark St & Bryn Mawr Ave,19487
108,Clark St & Chicago Ave,37882
412,Clark St & Columbia Ave,5744
34,Clark St & Drummond Pl,61125
1,Clark St & Elm St,103640
349,Clark St & Elmdale Ave,9249
102,Clark St & Grace St,39701
262,Clark St & Ida B Wells Dr,16454
463,Clark St & Jarvis Ave,3258
89,Clark St & Lake St,43160
190,Clark St & Leland Ave,25002
10,Clark St & Lincoln Ave,79189
390,Clark St & Lunt Ave,6874
258,Clark St & Montrose Ave,17031
45,Clark St & Newport St,54133
114,Clark St & North Ave,36581
99,Clark St & Randolph St,40316
38,Clark St & Schiller St,58507
371,Clark St & Schreiber Ave,7912
486,Clark St & Touhy Ave,2633
55,Clark St & Wellington Ave,50551
135,Clark St & Winnemac Ave,33064
22,Clark St & Wrightwood Ave,65087
162,Clifton Ave & Armitage Ave,28979
363,Clinton St & 18th St,8268
110,Clinton St & Jackson Blvd,37381
74,Clinton St & Lake St,46604
18,Clinton St & Madison St,66731
465,Clinton St & Polk St,3227
217,Clinton St & Roosevelt Rd,21988
329,Clinton St & Tilden St,10367
40,Clinton St & Washington Blvd,57229
236,Clybourn Ave & Division St,19506
715,Clyde Ave & 87th St,272
1422,Colfax Ave & 83rd St,2
24,Columbus Dr & Randolph St,63778
848,Commercial Ave & 100th St,102
694,Commercial Ave & 130th St,328
621,Commercial Ave & 83rd St,529
1157,Commercial Ave & 89th St,7
513,Conservatory Dr & Lake St,2162
756,Constance Ave & 95th St,200
1523,Corliss Ave & 133rd St,1
216,Cornell Ave & Hyde Park Blvd,22082
555,Cornell Dr & Hayes Dr,1108
1204,Cottage Grove & 85th St,5
1095,Cottage Grove & 86th St,10
685,Cottage Grove Ave & 111th Pl,346
1041,Cottage Grove Ave & 111th St,16
468,Cottage Grove Ave & 43rd St,3149
445,Cottage Grove Ave & 47th St,3799
439,Cottage Grove Ave & 51st St,4182
501,Cottage Grove Ave & 63rd St,2408
572,Cottage Grove Ave & 67th St,897
629,Cottage Grove Ave & 71st St,483
1181,Cottage Grove Ave & 75th St,6
623,Cottage Grove Ave & 78th St,520
590,Cottage Grove Ave & 83rd St,712
1107,Cottage Grove Ave & 87th St,9
1290,Cottage Grove Ave & 91st St,3
1540,Cottage Grove Ave & 92nd St,1
1083,Cottage Grove Ave & 98th St,11
428,Cottage Grove Ave & Oakwood Blvd,4990
1248,DIVVY CASSETTE REPAIR MOBILE STATION,4
73,Daley Center Plaza,47058
865,Damen Ave & 33rd St,86
1086,Damen Ave & 47th St,11
711,Damen Ave & 51st St,279
644,Damen Ave & 59th St,433
974,Damen Ave & 74th St,31
1567,Damen Ave & 80th St,1
269,Damen Ave & Charleston St,15760
156,Damen Ave & Chicago Ave,29886
304,Damen Ave & Clybourn Ave,12885
144,Damen Ave & Cortland St,31810
518,Damen Ave & Coulter St,1995
378,Damen Ave & Cullerton St,7646
183,Damen Ave & Division St,26224
320,Damen Ave & Foster Ave,11407
292,Damen Ave & Grand Ave,13947
277,Damen Ave & Leland Ave,15164
372,Damen Ave & Madison St,7886
338,Damen Ave & Melrose Ave,9727
534,Damen Ave & Pershing Rd,1459
44,Damen Ave & Pierce Ave,54472
342,Damen Ave & Sunnyside Ave,9607
218,Damen Ave & Thomas St (Augusta Blvd),21828
471,Damen Ave & Wabansia Ave,3067
394,Damen Ave & Walnut (Lake) St,6561
774,Damen Ave & Walnut (Lake) St (*),176
300,Damen Ave & Wellington Ave,13230
740,Dauphin Ave & 103rd St,228
653,Dauphin Ave & 87th St,412
150,Dayton St & North Ave,30556
30,Dearborn Pkwy & Delaware Pl,62108
202,Dearborn St & Adams St,23974
12,Dearborn St & Erie St,78771
68,Dearborn St & Monroe St,48133
240,Dearborn St & Van Buren St,19266
241,Delano Ct & Roosevelt Rd,18735
132,Desplaines St & Jackson Blvd,33559
23,Desplaines St & Kinzie St,64940
148,Desplaines St & Randolph St,31577
1113,Divvy Valet - Oakwood Beach,9
499,Dodge Ave & Church St,2448
570,Dodge Ave & Main St,900
529,Dodge Ave & Mulford St,1619
457,Dorchester Ave & 49th St,3424
504,Dorchester Ave & 63rd St,2367
845,Doty Ave & 111th St,105
483,Drake Ave & Addison St,2741
491,Drake Ave & Fullerton Ave,2526
452,Drake Ave & Montrose Ave,3529
1562,Drexel Ave & 87th St,1
159,DuSable Lake Shore Dr & Belmont Ave,29655
147,DuSable Lake Shore Dr & Diversey Pkwy,31690
36,DuSable Lake Shore Dr & Monroe St,59596
33,DuSable Lake Shore Dr & North Blvd,61161
334,DuSable Lake Shore Dr & Ohio St,9996
160,DuSable Lake Shore Dr & Wellington Ave,29225
490,DuSable Museum,2546
58,Dusable Harbor,49938
699,East End Ave & 87th St,308
741,Eastlake Ter & Howard St,228
387,Eastlake Ter & Rogers Ave,7133
802,Eberhart Ave & 131st St,144
548,Eberhart Ave & 61st St,1262
669,Eberhart Ave & 91st St,373
184,Eckhart Park,25893
1397,Eggleston Ave & 114th St,2
658,Eggleston Ave & 69th St,398
1224,Eggleston Ave & 69th St (*),5
736,Eggleston Ave & 92nd St,242
1103,Eli Whitney Public School,9
295,Elizabeth (May) St & Fulton St,13667
705,Elizabeth St & 47th St,294
829,Elizabeth St & 59th St,116
657,Elizabeth St & 92nd St,401
547,Elizabeth St & Fulton St,1272
1366,Ellis Ave & 132nd Pl,2
276,Ellis Ave & 53rd St,15299
129,Ellis Ave & 55th St,33779
230,Ellis Ave & 58th St,20013
84,Ellis Ave & 60th St,44502
642,Ellis Ave & 83rd St,437
485,Elmwood Ave & Austin St,2723
289,Elston Ave & Cortland St,14178
554,Elston Ave & George St,1138
619,Elston Ave & Henderson St,534
357,Elston Ave & Wabansia Ave,8610
386,Emerald Ave & 28th St,7252
281,Emerald Ave & 31st St,14712
1111,Emerald Ave & 43rd St,9
1330,Emerald Ave & 45th St,3
1273,Evans Ave & 63rd St,4
635,Evans Ave & 75th St,461
451,Evanston Civic Center,3636
1377,Ewing Ave & 101st St,2
1263,Ewing Ave & 105th St,4
1301,Ewing Ave & 106th St,3
1410,Ewing Ave & 112th St,2
1234,Ewing Ave & 96th St,4
1492,Ewing Ave & 99th St,1
748,Ewing Ave & Burnham Greenway,207
1427,Ewing Ave & Indianapolis Ave,2
608,Exchange Ave & 79th St,604
29,Fairbanks Ct & Grand Ave,62864
206,Fairbanks St & Superior St,23614
847,Fairfield Ave & 44th St,102
535,Fairfield Ave & Roosevelt Rd,1456
62,Federal St & Polk St,49116
131,Field Blvd & South Water St,33584
229,Field Museum,20259
225,Financial Pl & Ida B Wells Dr,20864
1317,Forrestville Ave & 47th St,3
168,Fort Dearborn Dr & 31st St,28444
813,Francisco Ave & 47th St,130
588,Francisco Ave & Bloomingdale Ave,739
400,Francisco Ave & Foster Ave,6164
883,Francisco Ave & Hollywood Ave,69
569,Francisco Ave & Montrose Ave,912
205,Franklin St & Adams St (Temp),23749
98,Franklin St & Chicago Ave,40346
93,Franklin St & Illinois St,41647
81,Franklin St & Jackson Blvd,44633
95,Franklin St & Lake St,40619
106,Franklin St & Monroe St,38578
789,Fullerton & Monitor,161
317,Glenwood Ave & Morse Ave,11629
415,Glenwood Ave & Touhy Ave,5458
1203,Grand Ave & North Ave,5
1328,Green St & 103rd St,3
634,Green St & Madison Ave*,461
32,Green St & Madison St,61521
120,Green St & Randolph St,35786
336,Green St & Randolph St*,9864
458,Green St & Washington Blvd,3417
247,Greenview Ave & Diversey Pkwy,18056
139,Greenview Ave & Fullerton Ave,32491
358,Greenview Ave & Jarvis Ave,8601
405,Greenwood Ave & 47th St,5939
651,Greenwood Ave & 79th St,417
1535,Greenwood Ave & 87th St,1
792,Greenwood Ave & 91st St,153
656,Greenwood Ave & 97th St,405
1051,Greenwood Ave & Lake Park Ave,14
446,HQ QR,3766
660,HUBBARD ST BIKE CHECKING (LBS-WH-TEST),395
676,Hale Ave & 107th St,363
1392,Hale Ave & 111th St,2
638,Halsted & 63rd - Kennedy-King Vaccination Site,452
1434,Halsted St & 102nd St,2
754,Halsted St & 104th St,202
752,Halsted St & 111th St,204
380,Halsted St & 18th St,7502
528,Halsted St & 18th St (Temp),1681
431,Halsted St & 21st St,4815
414,Halsted St & 35th St,5510
526,Halsted St & 37th St,1715
1430,Halsted St & 41st St,2
532,Halsted St & 47th Pl,1579
624,Halsted St & 51st St,517
709,Halsted St & 56th St,282
757,Halsted St & 59th St,196
687,Halsted St & 63rd St,340
1509,Halsted St & 64th St,1
733,Halsted St & 69th St,247
720,Halsted St & 73rd St,265
1116,Halsted St & 76th St,8
707,Halsted St & 78th St,289
1171,Halsted St & 80th St,6
1487,Halsted St & 95th St - SE,1
1314,Halsted St & 95th St - SW,3
661,Halsted St & 96th St,394
416,Halsted St & Archer Ave,5455
53,Halsted St & Clybourn Ave,50929
85,Halsted St & Dickens Ave,44442
212,Halsted St & Maxwell St,22546
406,Halsted St & North Branch St,5890
157,Halsted St & Polk St,29825
273,Halsted St & Roosevelt Rd,15482
41,Halsted St & Roscoe St,56722
149,Halsted St & Willow St,31078
59,Halsted St & Wrightwood Ave,49837
1433,Hamilton Ave & 95th St,2
823,Hamlin Ave & 62nd Pl,124
1202,Hamlin Ave & Chicago Ave,5
933,Hamlin Ave & Fullerton Ave,43
1117,Hamlin Ave & Grand Ave,8
938,Hamlin Ave & Montrose Ave,41
469,Hampden Ct & Diversey Ave,3130
743,Harding Ave & 26th St,222
1154,Harding Ave & 47th St,7
637,Harlem & Irving Park,456
867,Harlem Ave & Grace St,82
910,Harold Washington Park,54
324,Harper Ave & 59th St,11027
1225,Harper Ave & 63rd St,5
1214,Harriet E Sayre Public School,5
1323,Harvard Ave & 103rd St,3
1345,Hastings WH 2,2
780,Hegewisch Metra Station,171
331,Hermitage Ave & Polk St,10335
1215,Hiawatha Park,5
1284,Homan Ave & 111th St,3
860,Homan Ave & 65th St,90
839,Homan Ave & Fillmore St,108
714,Homewood Ave & 115th St,275
952,Homewood Ave & Monterey Ave,37
153,Honore St & Division St,30370
1325,Houston Ave & 91st St,3
695,Houston Ave & 92nd St,322
1104,Hoyne Ave & 110th Pl,9
855,Hoyne Ave & 34th St,95
586,Hoyne Ave & 47th St,779
421,Hoyne Ave & Balmoral Ave,5291
284,Humboldt Blvd & Armitage Ave,14378
894,Hyde Park Blvd & 53rd St,65
841,Hyde Park Blvd & 55th St,108
693,Indiana Ave & 103rd St,328
1158,Indiana Ave & 133rd St,7
352,Indiana Ave & 26th St,9104
327,Indiana Ave & 31st St,10454
533,Indiana Ave & 40th St,1495
13,Indiana Ave & Roosevelt Rd,78263
1264,Ingleside Ave & 79th St,4
203,Jefferson St & Monroe St,23808
517,Jeffery Blvd & 67th St,2060
537,Jeffery Blvd & 71st St,1405
616,Jeffery Blvd & 76th St,563
1363,Jeffery Blvd & 83rd St,2
1061,Jeffery Blvd & 91st St,13
1352,Jeffrey Blvd & 71st St,2
1024,Jonathan Y Scammon Public School,18
1205,Justine St & 87th St,5
1114,Karlov Ave & Kamerling Ave,9
686,Karlov Ave & Madison St,345
1353,Karlov Ave & Milwaukee Ave,2
1183,Kedvale Ave & 63rd St,6
1167,Kedvale Ave & Avondale Ave,6
1580,Kedzie & 103rd St - East,1
891,Kedzie Ave & 104th St,66
767,Kedzie Ave & 110th St,187
558,Kedzie Ave & 21st St,1030
595,Kedzie Ave & 24th St,662
816,Kedzie Ave & 45th St,127
597,Kedzie Ave & 48th Pl,654
786,Kedzie Ave & 52nd St,163
991,Kedzie Ave & 54th St - SE,27
1019,Kedzie Ave & 54th St - SW,19
690,Kedzie Ave & 57th St,335
1032,Kedzie Ave & 58th St,17
971,Kedzie Ave & 61st Pl,32
1025,Kedzie Ave & 63rd St,18
1304,Kedzie Ave & 64th St - SE,3
1110,Kedzie Ave & 64th St - SW,9
1081,Kedzie Ave & Archer Ave,11
1140,Kedzie Ave & Argyle St,7
479,Kedzie Ave & Bryn Mawr Ave,2808
500,Kedzie Ave & Chicago Ave,2441
460,Kedzie Ave & Foster Ave,3343
582,Kedzie Ave & George St,799
625,Kedzie Ave & Harrison St,511
509,Kedzie Ave & Lake St,2196
444,Kedzie Ave & Leland Ave,3862
155,Kedzie Ave & Milwaukee Ave,30131
312,Kedzie Ave & Palmer Ct,12068
1085,Kedzie Ave & Pershing Rd,11
584,Kedzie Ave & Roosevelt Rd,790
1530,Keeler Ave & 55th St,1
881,Keeler Ave & Roosevelt Rd,71
850,Kenneth Ave & 50th St,101
1207,Kenneth Ave & 63rd St,5
713,Kenosha & Wellington,275
722,Kenton Ave & Madison St,264
877,Kenton Ave & Palmer St,73
487,Keystone Ave & Fullerton Ave,2626
1112,Keystone Ave & Irving Park Rd,9
498,Keystone Ave & Montrose Ave,2455
1008,Keystone Ave & North Ave,22
750,Kilbourn & Belden,206
675,Kilbourn & Roscoe,363
1265,Kilbourn Ave & Fullerton Ave,4
545,Kilbourn Ave & Irving Park Rd,1303
550,Kilbourn Ave & Milwaukee Ave,1190
885,Kildare & Cermak,69
919,Kildare Ave & 26th St,49
840,Kildare Ave & 47th St,108
913,Kildare Ave & 55th St,52
1238,Kildare Ave & 63rd St,4
958,Kildare Ave & Chicago Ave,35
1502,Kildare Ave & Division Ave,1
961,Kildare Ave & Division St,35
516,Kildare Ave & Montrose Ave,2062
1401,Kildare Ave & Washignton Blvd,2
784,Kilpatrick Ave & Grand Ave,165
662,Kilpatrick Ave & Parker Ave,394
413,Kimball Ave & Belmont Ave,5625
1127,Kimball Ave & Carmen Ave,8
133,Kimbark Ave & 53rd St,33405
1277,Kimbark Ave & 63rd St,3
937,Kimbark Ave & 67th St,41
48,Kingsbury St & Erie St,52426
7,Kingsbury St & Kinzie St,85938
520,Knox Ave & Montrose Ave,1971
1046,Kolin Ave & Archer Ave,15
723,Komensky Ave & 31st St,259
801,Komensky Ave & 55th St,145
1060,Komensky Ave & 59th St,13
401,Kosciuszko Park,6126
836,Kostner Ave & 63rd St,112
615,Kostner Ave & Adams St,564
796,Kostner Ave & Armitage Ave,151
749,Kostner Ave & Lake St,206
1185,Kostner Ave & North Ave,6
704,Kostner Ave & Wrightwood Ave,295
888,La Villita Park (Albany/30th),67
111,LaSalle Dr & Huron St,37005
290,LaSalle St & Adams St,14119
35,LaSalle St & Illinois St,60752
127,LaSalle St & Jackson Blvd,34022
182,LaSalle St & Washington St,26588
1431,Lafayette Ave & 119th St,2
1369,Lafayette Ave & 87th St - NW,2
1189,Lafayette Ave & 87th St - SW,5
944,Lafayette Ave & 95th St,40
1442,Laflin St & 51st St,2
1513,Laflin St & 79th St,1
384,Laflin St & Cullerton St,7281
340,Lake Park Ave & 35th St,9693
1552,Lake Park Ave & 44th St,1
383,Lake Park Ave & 47th St,7301
253,Lake Park Ave & 53rd St,17369
245,Lake Park Ave & 56th St,18188
166,Lake Shore Dr & Belmont Ave,28747
164,Lake Shore Dr & Diversey Pkwy,28846
46,Lake Shore Dr & Monroe St,53409
60,Lake Shore Dr & North Blvd,49474
199,Lake Shore Dr & Ohio St,24138
145,Lake Shore Dr & Wellington Ave,31745
82,Lakefront Trail & Bryn Mawr Ave,44612
187,Lakefront Trail & Wilson Ave,25396
25,Lakeview Ave & Fullerton Pkwy,63662
1522,Lamon Ave & Archer Ave,1
772,Lamon Ave & Armitage Ave,181
683,Lamon Ave & Belmont Ave,349
892,Lamon Ave & Chicago Ave,65
1240,Langley Ave & 105th Pl,4
1070,Langley Ave & 79th St,12
1094,Laramie Ave & Belmont Ave,10
1124,Laramie Ave & Fullerton Ave,8
758,Laramie Ave & Gladys Ave,196
1172,Laramie Ave & Grand Ave,6
665,Laramie Ave & Kinzie St,382
622,Laramie Ave & Madison St,527
176,Larrabee St & Armitage Ave,27521
140,Larrabee St & Division St,32313
80,Larrabee St & Kingsbury St,44839
263,Larrabee St & Menomonee St,16006
237,Larrabee St & North Ave,19491
224,Larrabee St & Oak St,21012
17,Larrabee St & Webster Ave,67640
674,Latrobe Ave & Chicago Ave,363
1247,Latrobe Ave & Lake St,4
708,Lavergne & Fullerton,288
941,Lavergne Ave & 46th St,41
912,Lavergne Ave & Division St,52
701,Lawler Ave & 50th St,304
666,Lawndale Ave & 111th St,377
878,Lawndale Ave & 16th St,72
742,Lawndale Ave & 30th St,224
975,Lawndale Ave & Diversey Ave,31
1559,Lawndale Ave & Polk St,1
1379,Lawrence Ave & 103rd St,2
916,Leamington Ave & Hirsch St,49
389,Leavitt St & Addison St,7006
511,Leavitt St & Archer Ave,2180
282,Leavitt St & Armitage Ave,14615
337,Leavitt St & Belmont Ave,9797
703,Leavitt St & Belmont Ave (*),301
303,Leavitt St & Chicago Ave,13030
326,Leavitt St & Division St,10556
652,Leavitt St & Division St (*),414
375,Leavitt St & Lawrence Ave,7758
251,Leavitt St & North Ave,17513
1478,Legler Regional Library,1
350,Lincoln Ave & Addison St,9239
617,Lincoln Ave & Balmoral Ave,555
271,Lincoln Ave & Belle Plaine Ave,15680
219,Lincoln Ave & Belmont Ave,21628
417,Lincoln Ave & Belmont Ave (Temp),5408
100,Lincoln Ave & Diversey Pkwy,39867
37,Lincoln Ave & Fullerton Ave,58718
691,Lincoln Ave & Peterson Ave,332
209,Lincoln Ave & Roscoe St,23125
1310,Lincoln Ave & Roscoe St - Charging,3
399,Lincoln Ave & Roscoe St*,6344
279,Lincoln Ave & Sunnyside Ave,14920
294,Lincoln Ave & Waveland Ave,13799
392,Lincoln Ave & Winona St,6662
107,Lincoln Park Conservatory,38120
519,Lincolnwood Dr & Central St,1985
1428,Linder Ave & Belmont Ave,2
639,Lockwood Ave & Wrightwood Ave,450
275,Logan Blvd & Elston Ave,15345
589,Long & Irving Park,721
759,Long Ave & Belden Ave,194
731,Long Ave & Belmont Ave,254
908,Long Ave & North Ave,55
1170,Longwood Dr & 111th St,6
1556,Loomis Blvd & 83rd St,1
671,Loomis Blvd & 84th St,370
990,Loomis St & 87th St,28
760,Loomis St & 89th St,192
448,Loomis St & Archer Ave,3727
257,Loomis St & Jackson Blvd,17047
65,Loomis St & Lexington St,48595
620,Loomis St & Lexington St*,532
1429,Lorel Ave & Chicago Ave,2
1439,Lowe Ave & 98th St,2
1020,Lowell Ave & Elston Ave,19
1488,Lyft Driver Center Private Rack,1
210,MLK Jr Dr & 29th St,22884
502,MLK Jr Dr & 47th St,2396
549,MLK Jr Dr & 56th St,1225
556,MLK Jr Dr & 63rd St,1054
689,MLK Jr Dr & 83rd St,336
437,MLK Jr Dr & Pershing Rd,4232
1129,MTL-ECO5.1-01,8
672,MTV Hubbard St,368
1233,Mackinaw Ave & 106th St,4
1415,Mackinaw Ave & 108th St,2
1532,Mackinaw Ave & 85th St,1
876,Major Ave & Bloomingdale Ave,76
718,Major Taylor Trail & 115th St,270
762,Major Taylor Trail & 124th St,190
543,Malcolm X College,1313
466,Malcolm X College Vaccination Site,3179
424,Manor Ave & Leland Ave,5196
866,Maplewood Ave & 59th St,84
523,Maplewood Ave & Peterson Ave,1806
200,Marine Dr & Ainslie St,24105
1012,Marquette Ave & 79th St,21
717,Marquette Ave & 89th St,270
591,Marshfield Ave & 44th St,707
1119,Marshfield Ave & 45th St,8
804,Marshfield Ave & 59th St,140
1457,Marshfield Ave & 87th St,1
346,Marshfield Ave & Cortland St,9483
900,Martin Luther King Dr & 111th St,60
1176,Martin Luther King Dr & 44th St,6
1564,Martin Luther King Dr & 69th St,1
726,Maryland Ave & 104th St,257
1437,Maryland Ave & 87th ST,2
807,Mason Ave & Belmont Ave,135
1389,Mason Ave & Roosevelt Rd,2
1588,May St & 63rd St,1
682,May St & 69th St,352
397,May St & Cullerton St,6424
161,May St & Taylor St,29074
1122,Mayfield & Roosevelt Rd,8
56,McClurg Ct & Erie St,50123
272,McClurg Ct & Illinois St,15551
233,McClurg Ct & Ohio St,19750
1313,McCormick Blvd & Devon Ave,3
315,McCormick Place,11798
1266,McVicker Ave & Grand Ave,4
803,Meade Ave & Addison St,143
787,Meade Ave & Diversey Ave,162
1512,Melvina Ave & Belmont Ave,1
1578,Menard Ave & Adams Blvd,1
1245,Menard Ave & Agusta Blvd,4
1438,Menard Ave & Belmont Ave,2
1105,Menard Ave & Dakin St - midblock,9
922,Menard Ave & Division St,48
1322,Menard Ave & Grand Ave,3
1241,Menard Ave & Madison St,4
1010,Menard Ave & North Ave,21
1491,Michigan Ave & 102nd St,1
1455,Michigan Ave & 110th St,1
1517,Michigan Ave & 113th St,1
812,Michigan Ave & 114th St,130
1405,Michigan Ave & 119th St,2
118,Michigan Ave & 14th St,36004
167,Michigan Ave & 18th St,28489
719,Michigan Ave & 71st St,269
64,Michigan Ave & 8th St,48915
1467,Michigan Ave & 96th St,1
228,Michigan Ave & Ida B Wells Dr,20293
143,Michigan Ave & Jackson Blvd,31940
19,Michigan Ave & Lake St,65706
154,Michigan Ave & Madison St,30209
2,Michigan Ave & Oak St,101464
134,Michigan Ave & Pearson St,33280
20,Michigan Ave & Washington St,65293
846,Midway Orange Line,104
72,Mies van der Rohe Way & Chestnut St,47581
86,Mies van der Rohe Way & Chicago Ave,44313
561,Millard Ave & 26th St,981
4,Millennium Park,97343
1030,Milwaukee Ave & Addison St,17
515,Milwaukee Ave & Cuyler Ave,2064
886,Milwaukee Ave & Diversey Ave,68
494,Milwaukee Ave & Fullerton Ave,2490
76,Milwaukee Ave & Grand Ave,45562
987,Milwaukee Ave & Haussen Ct,29
311,Milwaukee Ave & Rockwell St,12219
1075,Milwaukee Ave & School St,12
130,Milwaukee Ave & Wabansia Ave,33595
1546,Milwaukee Ave & Waveland Ave,1
967,Monticello Ave & Belmont Ave,33
831,Monticello Ave & Chicago Ave,115
449,Monticello Ave & Irving Park Rd,3674
47,Montrose Harbor,52799
308,Morgan Ave & 14th Pl,12499
1409,Morgan St & 103rd St,2
297,Morgan St & 18th St,13460
359,Morgan St & 31st St,8430
1252,Morgan St & 87th St,4
1080,Morgan St & 95th St,11
97,Morgan St & Lake St,40378
422,Morgan St & Lake St*,5273
633,Morgan St & Pershing Rd,462
142,Morgan St & Polk St,31948
915,Mozart Elementary School,51
895,Mozart St & Jackson Blvd,63
1399,Mt Greenwood Library - North,2
1199,Mt Greenwood Library - South,5
725,Mulligan Ave & Wellington Ave,258
305,Museum of Science and Industry,12849
1385,Muskegon Ave & 89th St,2
505,N Carpenter St & W Lake St,2355
781,N Clark St & W Elm St,169
649,N Damen Ave & W Chicago Ave,424
377,N Green St & W Lake St,7694
1464,N Hampden Ct & W Diversey Ave,1
1044,N Narragansett Ave & Grand Ave,15
581,N Paulina St & Lincoln Ave,811
524,N Sheffield Ave & W Wellington Ave,1799
1413,N Shore Channel Trail & Argyle Ave,2
602,N Shore Channel Trail & Argyle St,632
552,N Southport Ave & W Newport Ave,1143
963,Nagle Ave & Belmont Ave,34
667,Narragansett & Irving Park,377
880,Narragansett & McLean,72
607,Narragansett & Wrightwood,606
1090,Narragansett Ave & Fullerton Ave,11
732,Narragansett Ave & School St,248
1042,Neva Ave & Grand Ave,16
1514,New England Ave & Grace St,1
71,New St & Illinois St,47748
907,NewHastings,56
946,Newcastle Ave & Belden Ave,39
1337,Newcastle Ave & Belmont Ave,3
1400,Newcastle Ave & Wellington Ave,2
1342,Newland Ave & Diversey Ave,2
197,Noble St & Milwaukee Ave,24486
834,Nordica & Medill,115
1440,Normal Ave & 72nd St,2
455,Normal Ave & Archer Ave,3434
924,North Ave & New England Ave,48
761,Oak Park & Wellington,191
395,Oakley Ave & Irving Park Rd,6445
527,Oakley Ave & Touhy Ave,1684
158,Ogden Ave & Chicago Ave,29674
382,Ogden Ave & Congress Pkwy,7322
178,Ogden Ave & Race Ave,26978
425,Ogden Ave & Roosevelt Rd,5174
738,Oglesby Ave & 100th St,235
1570,Oglesby Ave & 105th St,1
1221,Oglesby Ave & 95th St,5
838,Oketo Ave & Addison St,109
1187,Oketo Ave & Belmont Ave,5
1250,Oleander Ave & Addison St,4
890,Olive Harvey College,66
765,Orange & Addison,188
173,Orleans St & Chestnut St (NEXT Apts),27892
286,Orleans St & Elm St,14327
198,Orleans St & Hubbard St,24165
78,Orleans St & Merchandise Mart Plaza,44955
1416,Orville T Bright School,2
1390,Ozark Ave & Addison St,2
972,Panama Ave & Grace St,32
1460,Park Manor Elementary School,1
985,Parkside Ave & Armitage Ave,30
1579,Parnell Ave & 119th St,1
1499,Parnell Ave & 98th St,1
195,Paulina Ave & North Ave,24593
310,Paulina St & 18th St,12397
186,Paulina St & Flournoy St,25442
409,Paulina St & Howard St,5837
341,Paulina St & Montrose Ave,9619
1582,Pawel Bialowas - Test- PBSC charging station,1
1456,Penn Elementary School / KIPP Ascend Middle School,1
91,Peoria St & Jackson Blvd,42126
1319,Perry Ave & 108th Pl,3
612,Perry Ave & 69th St,584
578,Phillips Ave & 79th St,846
655,Phillips Ave & 83rd St,406
94,Pine Grove Ave & Irving Park Rd,41644
43,Pine Grove Ave & Waveland Ave,54845
698,Ping Tom Park (East),311
1338,Piotrowski Park,3
1289,Pittsburgh Ave & Irving Park,3
856,Plainfield & Irving Park,93
1583,Plainfield Ave & Irving Park Rd,1
481,Prairie Ave & 43rd St,2765
1022,Prairie Ave & 47th St - midblock,19
464,Prairie Ave & Garfield Blvd,3245
1445,Princeton Ave & 43rd St,1
538,Princeton Ave & 47th St,1396
562,Princeton Ave & Garfield Blvd,979
618,Prospect Sq & 91st St,544
1108,Pubic Rack - Pulaski Rd & 41st,9
1256,Public  Rack - Albany Ave & 63rd St,4
1550,Public Rack - 10557 S Western Ave,1
1138,Public Rack - 111th St - Morgan Park Metra,8
1174,Public Rack - 532 E 43rd St,6
1589,Public Rack - 53rd St & Indiana Ave,1
1348,Public Rack - 63rd & Western Ave N,2
1515,Public Rack - 63rd & Western Ave S,1
1511,Public Rack - Abbott Park,1
1269,Public Rack - Al Raby School,4
1561,Public Rack - Albany Ave & 111th St - NW,1
1280,Public Rack - Ashland Ave & 45th St,3
1327,Public Rack - Ashland Ave & 63rd St,3
1493,Public Rack - Ashland Ave & 71st St,1
1288,Public Rack - Ashland Ave & 76th St,3
1139,Public Rack - Ashland Ave & 83rd St,8
1236,Public Rack - Ashland Ave & 91st St,4
942,Public Rack - Austin Ave & Roscoe St,40
1576,Public Rack - Austin Ave & Wellington Ave,1
1011,Public Rack - Austin Ave & Wrightwood Ave,21
1270,Public Rack - Austin Blvd & North Ave,4
1533,Public Rack - Austin Branch Chicago Public Library,1
1519,Public Rack - Avenue J & 102nd St,1
1395,Public Rack - Avers Ave & Archer Ave,2
898,Public Rack - Avers Ave & Irving Park Rd,62
1040,Public Rack - Avers Ave & Ogden Ave,16
973,Public Rack - Avondale Ave & Addison St,31
1340,Public Rack - Baltimore Ave & 132nd St,2
1349,Public Rack - Bell Ave & 95th St,2
1386,Public Rack - Bensley Ave & 103rd St,2
1047,Public Rack - Brainerd Park,15
1504,Public Rack - Brighton Park Branch Chicago Library,1
1398,Public Rack - Buffalo Ave & 133rd St,2
1520,Public Rack - Buffalo Ave & 89th St,1
739,Public Rack - California Ave & Cortez St,230
1026,Public Rack - California Ave & Devon Ave - NE,18
956,Public Rack - California Ave & Devon Ave - NW,36
965,Public Rack - California Ave & Ogden Ave,34
1426,Public Rack - California Ave & Pershing Rd,2
927,Public Rack - California Ave & Touhy Ave - NW,45
1210,Public Rack - California Ave & Touhy Ave - SW,5
936,Public Rack - Calumet Ave & 51st St,42
978,Public Rack - Campbell Ave & Pratt Blvd,31
1091,Public Rack - Central Ave & Corcoran Pl,10
1098,Public Rack - Central Ave & George St,10
1168,Public Rack - Central Ave & North Ave,6
1387,Public Rack - Central Park Ave & 16th St,2
1226,Public Rack - Central Park Ave & Fillmore St,5
1320,Public Rack - Central Park Ave & Fulton Blvd,3
1120,Public Rack - Central Park Ave & Ogden Ave,8
1064,Public Rack - Champlain Ave & 65th St,13
1572,Public Rack - Chappel Ave & 71st St,1
1063,Public Rack - Chase Ave & Touhy Ave - NE,13
1161,Public Rack - Chase Ave & Touhy Ave - NW,6
968,Public Rack - Chopin Park,33
1585,Public Rack - Christiana Ave & 55th St,1
940,Public Rack - Christiana Ave & Archer Ave,41
769,Public Rack - Christiana Ave & Belmont Ave,185
1087,Public Rack - Christiana Ave & Bryn Mawr Ave,11
943,Public Rack - Christiana Ave & Lawrence Ave,40
1031,Public Rack - Cicero Ave & Altgeld St,17
1013,Public Rack - Cicero Ave & Cortland St - midblock,21
1193,Public Rack - Cicero Ave & Le Moyne St - midblock,5
1036,Public Rack - Cicero Ave & North Ave,17
932,Public Rack - Cicero Ave & Roscoe St,44
1038,Public Rack - Cicero Ave & Wellington Ave,16
795,Public Rack - Cicero Ave & Wrightwood Ave,151
1566,Public Rack - Claremont Ave & 71st St,1
1475,Public Rack - Clyde Ave & 87th St,1
1121,Public Rack - Colfax Ave & 83rd St,8
1380,Public Rack - Commercial Ave & 89th St,2
1406,Public Rack - Cornell Ave & 87th Pl,2
1420,Public Rack - Cottage Grove & 85th St,2
1424,Public Rack - Cottage Grove & 86th St,2
1296,Public Rack - Cottage Grove Ave & 87th St,3
1358,Public Rack - Cottage Grove Ave & 92nd St,2
1466,Public Rack - Cottage Grove Ave & 98th St,1
1505,Public Rack - Damen Ave & 47th St,1
1300,Public Rack - Division St & Christiana Ave,3
982,Public Rack - Drake Ave & Leland Ave,30
1494,Public Rack - East End Ave & 75th St,1
1065,Public Rack - Eberhart Ave & 61st St,12
1316,Public Rack - Eggleston Ave & 115th St,3
953,Public Rack - Eli Whitney Public School,36
1537,Public Rack - Ellis Ave & Doty Ave,1
1479,Public Rack - Emerald Ave & 43rd St,1
1425,Public Rack - Emerald Ave & 45th St,2
1001,Public Rack - Evans Ave & 63rd St,25
1412,Public Rack - Ewing Ave & 106th St,2
1258,Public Rack - Ewing Ave & 107th St,4
1468,Public Rack - Ewing Ave & 95th St,1
1518,Public Rack - Ewing Ave & 96th St S,1
1132,Public Rack - Exchange Ave & 73rd Pl,8
1084,Public Rack - Fairfield Ave & 63rd St,11
1218,Public Rack - Forrestville Ave & 47th St,5
1200,Public Rack - Francisco Ave & Touhy Ave,5
1148,Public Rack - Fullerton Ave & Lavergne Ave,7
957,Public Rack - Fullerton Ave & Narragansett Ave,35
1472,Public Rack - Garfield Park Conservatory,1
1294,Public Rack - Grand Ave & Lawndale Ave,3
1007,Public Rack - Grand Ave & North Ave,22
1133,Public Rack - Greenwood Ave & Lake Park Ave,8
1586,Public Rack - Halsted St & 102nd St,1
1531,Public Rack - Halsted St & 109th St,1
1469,Public Rack - Halsted St & 111th St,1
1541,Public Rack - Halsted St & 113th St,1
1577,Public Rack - Halsted St & 63rd St,1
1259,Public Rack - Halsted St & 64th St,4
1365,Public Rack - Halsted St & 76th St,2
1072,Public Rack - Halsted St & 95th St - SE,12
1276,Public Rack - Hamilton Ave & 95th St,3
1209,Public Rack - Hamlin Ave & Chicago Ave,5
737,Public Rack - Hamlin Ave & Fullerton Ave,242
930,Public Rack - Hamlin Ave & Grand Ave,44
1191,Public Rack - Hamlin Ave & Madison St,5
832,Public Rack - Hamlin Ave & Montrose Ave,115
917,Public Rack - Harold Washington Park,49
1471,Public Rack - Harper Ave & 63rd St,1
1503,Public Rack - Harriet E Sayre Public School,1
1243,Public Rack - Harvey Ave & North Ave,4
1262,Public Rack - Homan Ave & 26th St,4
1346,Public Rack - Homan Ave & Lake St,2
1480,Public Rack - Homan Ave & Roosevelt,1
1242,Public Rack - Houston Ave & 131st St,4
1023,Public Rack - Hoyne Ave & 110th Pl,19
1333,Public Rack - Hoyne Ave & 51st St,3
1159,Public Rack - Hyde Park Blvd & 53rd St,7
1000,Public Rack - Hyde Park Blvd & 55th St,25
1507,Public Rack - Independence Blvd & Roosevelt,1
1278,Public Rack - Jeffery Blvd & 81st St,3
1495,Public Rack - Jeffery Blvd & 83rd St,1
882,Public Rack - Jensen Park,70
918,Public Rack - Jonathan Y Scammon Public School,49
1163,Public Rack - Karlov Ave & 26th St,6
897,Public Rack - Karlov Ave & Kamerling Ave,62
994,Public Rack - Karlov Ave & Milwaukee Ave,26
1393,Public Rack - Kedvale Ave & 26th St,2
1529,Public Rack - Kedvale Ave & 63rd St,1
1053,Public Rack - Kedvale Ave & Addison St,14
1005,Public Rack - Kedvale Ave & Avondale Ave,23
1421,Public Rack - Kedzie & 103rd St - East,2
1510,Public Rack - Kedzie Ave & 54th Pl,1
1261,Public Rack - Kedzie Ave & 54th St - SE,4
1549,Public Rack - Kedzie Ave & 54th St - SW,1
1198,Public Rack - Kedzie Ave & 58th St,5
1344,Public Rack - Kedzie Ave & 60th St,2
1303,Public Rack - Kedzie Ave & 61st Pl,3
1244,Public Rack - Kedzie Ave & 61st Pl E,4
1097,Public Rack - Kedzie Ave & 61st Pl W,10
1162,Public Rack - Kedzie Ave & 62nd Pl,6
1373,Public Rack - Kedzie Ave & 63rd St,2
1360,Public Rack - Kedzie Ave & 64th St - SE,2
1201,Public Rack - Kedzie Ave & 64th St - SW,5
1078,Public Rack - Kedzie Ave & Archer Ave,11
818,Public Rack - Kedzie Ave & Argyle St,125
1444,Public Rack - Kedzie Ave & Arthington St,1
1274,Public Rack - Kedzie Ave & Chicago Ave,3
1568,Public Rack - Kedzie Ave & Pershing Rd,1
1355,Public Rack - Kedzie Ave & Walnut St,2
1463,Public Rack - Kedzie Ave &amp; 62nd Pl,1
1489,Public Rack - Keef Ave & South Chicago Ave,1
1591,Public Rack - Keeler Ave & 26th St,1
1275,Public Rack - Kenneth Ave & 63rd St E,3
873,Public Rack - Kenton Ave & Palmer St,78
902,Public Rack - Keystone Ave & Irving Park Rd,59
861,Public Rack - Keystone Ave & North Ave,90
960,Public Rack - Kilbourn Ave & Fullerton Ave,35
1545,Public Rack - Kildare Ave & 63rd St,1
980,Public Rack - Kildare Ave & Division St,30
1229,Public Rack - Kildare Ave & North Ave,5
1015,Public Rack - Kimball Ave & Carmen Ave,21
1371,Public Rack - Kimbark Ave & 63rd St,2
1006,Public Rack - Kimbark Ave & 67th St,23
954,Public Rack - King Dr & 115th St,36
1368,Public Rack - King Dr & 83rd St,2
1054,Public Rack - King Dr & Oakwood Blvd,14
1362,Public Rack - Kingston Ave & 75th St,2
1279,Public Rack - Kolin Ave & Archer Ave,3
1057,Public Rack - Komensky Ave & 26th St,13
1554,Public Rack - Komensky Ave & 59th St,1
1574,Public Rack - Kostner Ave & 16th St,1
824,Public Rack - Kostner Ave & Armitage Ave,122
992,Public Rack - Kostner Ave & Diversey Ave,27
1498,Public Rack - Kostner Ave & Lake St,1
997,Public Rack - Kostner Ave & North Ave,25
1307,Public Rack - Kostner Ave & Wrightwood Ave,3
1293,Public Rack - La Moyne Ave and Leamington Ave,3
1565,Public Rack - Lafayette Ave & 87th St SW,1
1077,Public Rack - Lafayette Ave & 95th St,11
1381,Public Rack - Laflin St & 51st St,2
964,Public Rack - Lake Shore Dr & Hayes Dr,34
1281,Public Rack - Lamon Ave & Erie St,3
1237,Public Rack - Langley Ave & 49th St,4
1230,Public Rack - Langley Ave & 79th St,5
1459,Public Rack - Langley Ave & 87th St,1
1407,Public Rack - Langley Ave & Oakwood Blvd,2
1500,Public Rack - Laporte Ave & Armitage Ave,1
977,Public Rack - Laramie Ave & Belmont Ave,31
988,Public Rack - Laramie Ave & Fullerton Ave,28
1017,Public Rack - Laramie Ave & Grand Ave,20
1093,Public Rack - Laramie Ave & Warwick Ave,10
1334,Public Rack - Latrobe Ave & Lake St,3
1548,Public Rack - Lawndale & 63rd St,1
1082,Public Rack - Lawndale Ave & 23rd St,11
1169,Public Rack - Lawndale Ave & 63rd St,6
764,Public Rack - Lawndale Ave & Diversey Ave,190
1155,Public Rack - Lawndale Ave & Polk St,7
1068,Public Rack - Leclaire Ave & Division St,12
1173,Public Rack - Legler Regional Library,6
1066,Public Rack - Linder Ave & Belmont Ave,12
859,Public Rack - Lockwood Ave & Diversey Ave,91
1212,Public Rack - Longwood Dr & 111th St,5
1465,Public Rack - Loomis Blvd & 83rd St,1
999,Public Rack - Loomis St & 87th St,25
1211,Public Rack - Lorel Ave & Chicago Ave,5
976,Public Rack - Lorel Ave & Grand Ave,31
810,Public Rack - Lowell Ave & Elston Ave,133
1235,Public Rack - Maplewood Ave & 47th St,4
1584,Public Rack - Maplewood Ave & 63rd St,1
1144,Public Rack - Marquette Rd & 67th St,7
1496,Public Rack - Marshfield Ave & 45th St,1
1376,Public Rack - Marshfield Ave & 87th St,2
1581,Public Rack - Martin Luther King Dr & 69th St,1
1388,Public Rack - May St & 78th St,2
955,Public Rack - McCormick Blvd & Devon Ave,36
1332,Public Rack - McVicker Ave & Grand Ave,3
1045,Public Rack - Melvina Ave & Belmont Ave,15
1443,Public Rack - Menard Ave & Adams Blvd,1
1394,Public Rack - Menard Ave & Agusta Blvd,2
1299,Public Rack - Menard Ave & Belmont Ave,3
995,Public Rack - Menard Ave & Dakin St - midblock,26
1039,Public Rack - Menard Ave & Grand Ave,16
1446,Public Rack - Michele Clark Magnet High School,1
1292,Public Rack - Michigan Ave & 107th St,3
1283,Public Rack - Michigan Ave & 113th St,3
1528,Public Rack - Michigan Ave & 119th St,1
1372,Public Rack - Michigan Ave & 96th St,2
1073,Public Rack - Midway Orange Line,12
901,Public Rack - Milwaukee Ave & Addison St,59
697,Public Rack - Milwaukee Ave & Diversey Ave,312
843,Public Rack - Milwaukee Ave & Haussen Ct,107
858,Public Rack - Milwaukee Ave & School St,91
844,Public Rack - Monticello Ave & Belmont Ave,105
1404,Public Rack - Morgan St & 95th St,2
857,Public Rack - Mozart Elementary School,91
1232,Public Rack - Mt Greenwood Library N,4
1166,Public Rack - N Narragansett Ave & Grand Ave,6
948,Public Rack - Nagle Ave & Belmont Ave,38
1074,Public Rack - Narragansett Ave & Fullerton Ave,12
1291,Public Rack - Neva Ave & Grand Ave,3
1521,Public Rack - Newcastle Ave & Belmont Ave,1
1435,Public Rack - Nordica Ave & Addison St,2
1106,Public Rack - Normal Ave & 111th St,9
1542,Public Rack - Oakley Ave & 50th Pl,1
1126,Public Rack - Oketo Ave & Belmont Ave,8
1534,Public Rack - Ozark Ave & Addison St,1
1374,Public Rack - Parnell Ave & 103rd St,2
1367,Public Rack - Paxton Ave & 79th St,2
983,Public Rack - Penn Elementary School / KIPP Ascend Middle School,30
1343,Public Rack - Percy Julian HS,2
1341,Public Rack - Perry Ave & 108th Pl,2
1382,Public Rack - Perry Ave & 111th St,2
1223,Public Rack - Peterson Ave & Bernard Ave,5
1351,Public Rack - Peterson Ave & Drake Ave,2
1136,Public Rack - Prairie Ave & 47th St ,8
1149,Public Rack - Prairie Ave & Garfield Blvd,7
1419,Public Rack - Prairie Ave & Garfield Blvd N,2
1099,Public Rack - Pulaski & 52nd,10
1318,Public Rack - Pulaski Rd & 15th St,3
1311,Public Rack - Pulaski Rd & 40th St,3
949,Public Rack - Pulaski Rd & 44th St,38
1282,Public Rack - Pulaski Rd & 51st Rd,3
1286,Public Rack - Pulaski Rd & 5th Ave,3
1142,Public Rack - Pulaski Rd & 65th St,7
806,Public Rack - Pulaski Rd & Armitage Ave,136
1418,Public Rack - Pulaski Rd & Flournoy St,2
950,Public Rack - Pulaski Rd & Fullerton Ave,38
1190,Public Rack - Pulaski Rd & Grenshaw St,5
1118,Public Rack - Pulaski Rd & Lake St,8
1143,Public Rack - Pulaski Rd & Roosevelt Rd,7
1558,Public Rack - Pulaski Rd &amp; 65th St,1
1483,Public Rack - Pullman - Planet Fitness,1
1125,Public Rack - Pullman - Walmart,8
1384,Public Rack - Pullman Community Center,2
906,Public Rack - Racine Ave & 109th Pl,57
1458,Public Rack - Racine Ave & 74th St,1
1378,Public Rack - Racine Ave & 76th,2
1414,Public Rack - Richmond St & Thorndale Ave,2
1524,Public Rack - Robert Fulton Elementary School,1
1208,Public Rack - Rockwell & 111th St,5
920,Public Rack - Rockwell & Division,49
869,Public Rack - Rockwell Ave & Touhy Ave ,81
1454,Public Rack - Roscoe St & Osceola Ave,1
1497,Public Rack - Roswell B. Mason Elementary School,1
1451,Public Rack - Rutherford Ave & Belmont Ave,1
911,Public Rack - Sacramento Ave & Devon Ave,54
981,Public Rack - Sacramento Ave & Greenleaf Ave,30
1179,Public Rack - Sacramento Blvd & Division St,6
1315,Public Rack - Saginaw Ave & 93rd St,3
1257,Public Rack - Sawyer Ave & Bryn Mawr Ave - SE,4
1145,Public Rack - Sawyer Ave & Bryn Mawr Ave - SW,7
1453,Public Rack - Sawyer Ave & Chicago Ave,1
947,Public Rack - Sawyer Ave & Lawrence Ave,39
1052,Public Rack - South Shore Dr & 71st St,14
998,Public Rack - Spaulding Ave & Bryn Mawr Ave,25
779,Public Rack - Spaulding Ave & Evergreen Ave,171
993,Public Rack - Spaulding Ave & Foster Ave,27
785,Public Rack - Spaulding Ave & North Ave,164
1569,Public Rack - Spencer Elementary Technology Academy,1
1002,Public Rack - St Louis Ave & Berteau Ave,25
934,Public Rack - State ST & 42nd St,43
1152,Public Rack - Stewart Ave & 123rd St,7
1271,Public Rack - Stony Island & 87th St,4
1335,Public Rack - Talman Ave & Pershing Rd,3
1089,Public Rack - Throop St & 109th Pl,11
1021,Public Rack - Tripp Ave & North Ave,19
1555,Public Rack - Union Ave & 111th St,1
1308,Public Rack - Vincennes Ave & 95th St,3
1461,Public Rack - Wabash Ave & 87th St,1
1003,Public Rack - Walden Pkwy & 103rd St,25
1383,Public Rack - Walden Pkwy & 99th St,2
1295,Public Rack - Wallace St & 119th St,3
1441,Public Rack - Washington Park Ct & 51st St,2
797,Public Rack - Washtenaw Ave & Devon Ave,151
871,Public Rack - Washtenaw Ave & Superior St,79
1536,Public Rack - Wentworth Ave & 79th St,1
1481,Public Rack - West Chatham Park,1
1571,Public Rack - Western Ave & 100th St,1
1312,Public Rack - Western Ave & 104th St - East,3
1485,Public Rack - Western Ave & 104th St - West,1
1526,Public Rack - Western Ave & 106th St - East,1
1297,Public Rack - Western Ave & 107th Pl,3
1356,Public Rack - Western Ave & 107th St,2
1092,Public Rack - Western Ave & 110th St,10
1590,Public Rack - Western Ave & 111th St - NW,1
1486,Public Rack - Western Ave & 116th St,1
1553,Public Rack - Western Ave & 118th St,1
1135,Public Rack - Western Ave & 47th Pl,8
1350,Public Rack - Western Ave & 79th St,2
1165,Public Rack - Western Ave & 92nd Pl,6
1027,Public Rack - Western Ave & 96th St,18
1359,Public Rack - Western Ave & 98th St,2
903,Public Rack - Western Ave & Devon Ave,59
879,Public Rack - Western Ave & Jarvis Ave,72
989,Public Rack - Western Blvd & 49th St,28
1361,Public Rack - Whipple St & 26th St,2
1079,Public Rack - Wood St & 103rd St,11
1184,Public Rack - Wood St & 47th St,6
872,Public Rack - Woodlawn Ave & 63rd St - NE,78
1049,Public Rack - Woodlawn Ave & 63rd St - SE,15
923,Public Rack - Woodlawn Ave & 63rd St N,48
1188,Public Rack - Woodlawn Ave & 63rd St S,5
1563,Public Rack - Yates Ave & 100th St,1
1331,Public Rack - Zapata Academy,3
1033,Pulaski & 52nd,17
798,Pulaski & Ann Lurie Pl,147
734,Pulaski Rd & 21st St,247
1326,Pulaski Rd & 40th St,3
1177,Pulaski Rd & 41st,6
830,Pulaski Rd & 44th St,116
962,Pulaski Rd & 51st Rd,35
600,Pulaski Rd & 51st St,637
874,Pulaski Rd & 60th St,77
1009,Pulaski Rd & Armitage Ave,22
654,Pulaski Rd & Congress Pkwy,411
522,Pulaski Rd & Eddy St (Temp),1824
966,Pulaski Rd & Fullerton Ave,34
628,Pulaski Rd & Lake St,489
1150,Pullman - Ross Dress for Less,7
1016,Pullman - Walmart,20
1506,Pullman Community Center,1
884,Racine Ave & 109th Pl,69
470,Racine Ave & 13th St,3116
381,Racine Ave & 15th St,7499
248,Racine Ave & 18th St,17954
475,Racine Ave & 35th St,2962
822,Racine Ave & 61st St,124
782,Racine Ave & 65th St,168
1134,Racine Ave & 74th St,8
1056,Racine Ave & 76th,13
116,Racine Ave & Belmont Ave,36428
267,Racine Ave & Congress Pkwy,15806
122,Racine Ave & Fullerton Ave,35352
462,Racine Ave & Fullerton Ave (Temp),3279
613,Racine Ave & Garfield Blvd,583
291,Racine Ave & Randolph St,13963
307,Racine Ave & Washington Blvd,12517
606,Racine Ave & Washington Blvd (*),609
220,Racine Ave & Wrightwood Ave,21415
574,Rainbow Beach,877
339,Ravenswood Ave & Berteau Ave,9705
280,Ravenswood Ave & Irving Park Rd,14717
123,Ravenswood Ave & Lawrence Ave,34804
313,Rhodes Ave & 32nd St,11953
771,Rhodes Ave & 71st St,181
1527,Rhodes Ave & 79th St,1
875,Richmond St & 59th St,77
393,Richmond St & Diversey Ave,6563
808,Richmond St & Lincoln Ave,135
514,Ridge Blvd & Howard St,2069
521,Ridge Blvd & Touhy Ave,1825
115,Ritchie Ct & Banks St,36577
931,Robert Fulton Elementary School,44
1194,Rockwell & 111th St,5
1059,Rockwell Ave & Touhy Ave ,13
805,Rockwell St & 57th St,138
970,Rockwell St & 63rd St,33
716,Rockwell St & Archer Ave,271
609,Rockwell St & Cermak Rd,602
369,Rockwell St & Eastwood Ave,7971
546,Rockwell St & Fletcher St,1299
889,Roscoe & Harlem,67
54,Rush St & Cedar St,50591
181,Rush St & Hubbard St,26675
69,Rush St & Superior St,47976
1213,Rutherford Ave & Belmont Ave,5
984,S Aberdeen St & W 106th St,30
1048,S Michigan Ave & E 118th St,15
1043,S Wentworth Ave & W 111th St,16
905,Sacramento Ave & 25th St,57
1141,Sacramento Ave & Devon Ave,7
1146,Sacramento Ave & Greenleaf Ave,7
770,Sacramento Ave & Pershing Rd,183
614,Sacramento Blvd & Addison St,572
553,Sacramento Blvd & Franklin Blvd,1143
842,Sacramento Blvd & Fulton Ave,107
914,Sacramento Blvd & Polk St,51
1450,Sacramento Blvd & Washington Blvd,1
1447,Sangamon St & 79th St,1
379,Sangamon St & Lake St,7564
191,Sangamon St & Washington Blvd,24941
1227,Sawyer Ave & 111th St,5
1164,Sawyer Ave & Bryn Mawr Ave - SE,6
474,Sawyer Ave & Irving Park Rd,3019
1220,Sawyer Ave & Lawrence Ave,5
710,Sayre & Diversey,281
119,Sedgwick St & Huron St,35896
90,Sedgwick St & North Ave,42723
296,Sedgwick St & Schiller St,13664
104,Sedgwick St & Webster Ave,39385
696,Seeley Ave & Garfield Blvd,316
278,Seeley Ave & Roscoe St,15132
849,Shabbona Park,102
21,Shedd Aquarium,65159
57,Sheffield Ave & Fullerton Ave,50046
112,Sheffield Ave & Kingsbury St,36968
51,Sheffield Ave & Waveland Ave,51502
77,Sheffield Ave & Webster Ave,45239
66,Sheffield Ave & Wellington Ave,48262
125,Sheffield Ave & Willow St,34281
87,Sheffield Ave & Wrightwood Ave,43948
473,Sheridan Rd & Argyle St,3048
194,Sheridan Rd & Buena Ave,24869
333,Sheridan Rd & Columbia Ave,10195
388,Sheridan Rd & Greenleaf Ave,7085
92,Sheridan Rd & Irving Park Rd,41739
254,Sheridan Rd & Lawrence Ave,17240
299,Sheridan Rd & Loyola Ave,13306
103,Sheridan Rd & Montrose Ave,39546
301,Sheridan Rd & Noyes St (NU),13175
419,Shields Ave & 28th Pl,5351
353,Shields Ave & 31st St,9065
678,Shields Ave & 43rd St,360
126,Shore Dr & 55th St,34197
430,Smith Park,4854
819,Smith Park (*),125
724,South Chicago Ave & 83rd St,258
868,South Chicago Ave & Elliot Ave,82
440,South Shore Dr & 67th St,4115
426,South Shore Dr & 71st St,5122
525,South Shore Dr & 74th St,1763
163,Southport Ave & Belmont Ave,28900
345,Southport Ave & Clark St,9513
196,Southport Ave & Clybourn Ave,24527
226,Southport Ave & Irving Park Rd,20590
50,Southport Ave & Roscoe St,51579
67,Southport Ave & Waveland Ave,48190
128,Southport Ave & Wellington Ave,33961
151,Southport Ave & Wrightwood Ave,30422
809,Spaulding Ave & 16th St,133
862,Spaulding Ave & 63rd St,88
330,Spaulding Ave & Armitage Ave,10341
1128,Spaulding Ave & Bryn Mawr Ave,8
402,Spaulding Ave & Division St,5967
959,Spaulding Ave & Evergreen Ave,35
1305,Spaulding Ave & Foster Ave,3
1037,Spaulding Ave & North Ave,16
864,Springfield Ave & 47th St,86
1102,Springfield Ave & 63rd St,9
799,St Louis Ave & 59th St,147
1178,St Louis Ave & Berteau Ave,6
820,St Louis Ave & Norman Bobbins Ave,125
15,St. Clair St & Erie St,73567
492,St. Louis Ave & Balmoral Ave,2523
407,St. Louis Ave & Fullerton Ave,5860
729,State St & 123rd St,256
360,State St & 19th St,8422
488,State St & 29th St,2613
177,State St & 33rd St,27515
325,State St & 35th St,10729
1339,State St & 47th st,2
610,State St & 54th St,599
763,State St & 76th St,190
557,State St & 79th St,1034
560,State St & 95th St,1012
244,State St & Chicago Ave,18580
214,State St & Harrison St,22517
61,State St & Kinzie St,49359
169,State St & Pearson St,28353
571,State St & Pershing Rd,897
52,State St & Randolph St,50991
207,State St & Van Buren St,23468
318,Stave St & Armitage Ave,11581
1004,Steelworkers Park,24
136,Stetson Ave & South Water St,33014
1357,Stewart Ave & 123rd St,2
692,Stewart Ave & 63rd St,332
1147,Stewart Ave & 63rd St (*),7
679,Stewart Ave & 83rd St,359
63,Stockton Dr & Wrightwood Ave,48985
1329,Stony Is Ave & 73rd St,3
541,Stony Island Ave & 64th St,1355
540,Stony Island Ave & 67th St,1364
551,Stony Island Ave & 71st St,1161
563,Stony Island Ave & 75th St,978
611,Stony Island Ave & 82nd St,584
1543,Stony Island Ave & 86th St,1
706,Stony Island Ave & 90th St,293
646,Stony Island Ave & South Chicago Ave,432
0,Streeter Dr & Grand Ave,186681
1196,Strohacker Park,5
735,Summit Ave & 86th St,246
1067,Talman Ave & 51st St - midblock,12
376,Talman Ave & Addison St,7756
5,Theater on the Lake,96479
443,Throop (Loomis) St & Taylor St,3909
730,Throop St & 52nd St,255
1253,Throop St & 58th St,4
270,Throop St & Taylor St,15755
1476,Throop/Hastings Mobile Station,1
1287,Torrence Ave  & 106th St,3
775,Torrence Ave & 106th St,176
827,Torrence Ave & 126th Pl,118
926,Tripp Ave & 15th St,47
854,Tripp Ave & 31st St,96
811,Tripp Ave & 65th St,131
1551,Troy & 111th St,1
986,Troy Ave & 27th St,30
408,Troy St & Elston Ave,5839
587,Troy St & Grace St,762
996,Troy St & Jackson Blvd,26
355,Troy St & North Ave,8883
1449,Trumbull Ave & 111th St,1
1516,Tuley (Murray) Park,1
536,Union Ave & Root St,1412
79,University Ave & 57th St,44847
374,University Library (NU),7761
480,Valli Produce - Evanston Plaza,2802
744,Vernon Ave & 107th St,222
632,Vernon Ave & 75th St,471
630,Vernon Ave & 79th St,480
753,Vincennes Ave & 104th St,203
747,Vincennes Ave & 75th St,211
1539,Vincennes Ave & 95th Pl,1
777,Virginia Ave & Catalpa Ave,174
773,W 103rd St & S Avers Ave,179
489,W Armitage Ave & N Sheffield Ave,2580
447,W Oakdale Ave & N Broadway,3764
573,W Washington Blvd & N Peoria St,895
478,WATSON TESTING - DIVVY,2819
863,WEST CHI-WATSON,87
189,Wabash Ave & 16th St,25346
721,Wabash Ave & 83rd St,264
568,Wabash Ave & 87th St,913
75,Wabash Ave & 9th St,45830
170,Wabash Ave & Adams St,28029
351,Wabash Ave & Cermak Rd,9115
11,Wabash Ave & Grand Ave,78963
27,Wabash Ave & Roosevelt Rd,63469
101,Wabash Ave & Wacker Pl,39856
204,Wacker Dr & Washington St,23761
645,Walden Pkwy & 100th St,432
979,Walden Pkwy & 103rd St,30
1115,Walden Pkwy & 99th St,9
1462,Wallace St & 112 St,1
411,Wallace St & 35th St,5745
1231,Waller Ave & Chicago Ave,5
235,Walsh Park,19526
472,Warren Park East,3066
456,Warren Park West,3428
1180,Washtenaw Ave & 63rd St,6
366,Washtenaw Ave & Lawrence Ave,8186
815,Washtenaw Ave & Madison St,128
476,Washtenaw Ave & Ogden Ave,2939
791,Washtenaw Ave & Peterson Ave,153
627,Washtenaw Ave & Polk St,489
814,Washtenaw Ave & Superior St,130
391,Wells St & 19th St,6763
3,Wells St & Concord Ln,100956
6,Wells St & Elm St,87237
26,Wells St & Evergreen Ave,63618
28,Wells St & Hubbard St,62996
14,Wells St & Huron St,76425
688,Wells St & Institute Pl,336
141,Wells St & Polk St,32140
180,Wells St & Walton St,26852
1557,Wentworth Ave & 103rd St,1
833,Wentworth Ave & 104th St,115
418,Wentworth Ave & 24th St (Temp),5362
396,Wentworth Ave & 33rd St,6434
438,Wentworth Ave & 35th St,4220
580,Wentworth Ave & 63rd St,827
215,Wentworth Ave & Cermak Rd,22417
594,Wentworth Ave & Cermak Rd (Temp),670
1254,WestChi,4
700,Western & 28th - Velasquez Institute Vaccination Site,305
1071,Western Ave & 100th St,12
681,Western Ave & 104th St,357
1354,Western Ave & 104th St - East,2
1272,Western Ave & 105th St,4
1324,Western Ave & 106th St - East,3
1370,Western Ave & 106th St - West,2
648,Western Ave & 111th St,428
1131,Western Ave & 111th St - NW,8
1249,Western Ave & 111th St - SE,4
1302,Western Ave & 111th St - SW,3
1309,Western Ave & 116th St,3
1255,Western Ave & 118th St,4
435,Western Ave & 21st St,4395
503,Western Ave & 24th St,2380
680,Western Ave & 28th St,358
935,Western Ave & 62nd St,42
1018,Western Ave & 79th St,20
1055,Western Ave & 92nd Pl,14
790,Western Ave & Ardmore Ave,157
643,Western Ave & Berteau Ave,436
354,Western Ave & Congress Pkwy,8902
285,Western Ave & Division St,14352
309,Western Ave & Fillmore St,12445
673,Western Ave & Fillmore St (*),365
576,Western Ave & Grace St,856
454,Western Ave & Granville Ave,3483
603,Western Ave & Gunnison St,628
497,Western Ave & Howard St,2466
929,Western Ave & Jarvis Ave,44
852,Western Ave & Lake St,99
249,Western Ave & Leland Ave,17805
434,Western Ave & Lunt Ave,4430
404,Western Ave & Monroe St,5949
365,Western Ave & Roscoe St,8206
231,Western Ave & Walton St,19819
193,Western Ave & Winnebago Ave,24882
567,Western Blvd & 48th Pl,922
896,Western Blvd & 49th St,63
925,Whipple St & Roosevelt Rd,48
659,Whipple/Irving Park,397
1573,William Rainey Harper High School,1
16,Wilton Ave & Belmont Ave,68874
70,Wilton Ave & Diversey Pkwy,47897
1034,Wilton Ave & Diversey Pkwy - Charging,17
493,Wilton Ave & Diversey Pkwy*,2513
427,Winchester (Ravenswood) Ave & Balmoral Ave,5079
1192,Winchester Ave & 87th St,5
347,Winchester Ave & Elston Ave,9482
261,Winthrop Ave & Lawrence Ave,16504
293,Wolcott (Ravenswood) Ave & Montrose Ave,13848
542,Wolcott Ave & Fargo Ave,1313
172,Wolcott Ave & Polk St,28004
1062,Wood St & 103rd St,13
512,Wood St & 35th St,2172
969,Wood St & 47th St,33
264,Wood St & Augusta Blvd,15946
260,Wood St & Chicago Ave,16539
598,Wood St & Chicago Ave (*),648
322,Wood St & Hubbard St,11259
105,Wood St & Milwaukee Ave,39288
441,Wood St & Taylor St,3995
288,Wood St & Taylor St (Temp),14231
559,Wood St & Webster Ave,1030
899,Woodlawn & 103rd - Olive Harvey Vaccination Site,60
243,Woodlawn Ave & 55th St,18674
766,Woodlawn Ave & 75th St,187
432,Woodlawn Ave & Lake Park Ave,4772
1477,Yale Ave & 119th St,1
592,Yates Blvd & 75th St,695
793,Yates Blvd & 93rd St,152
1217,Yates Blvd & Exchange Ave,5
1402,Zapata Academy,2
